Google ID,Name,Full address,Is closed,Description 1,Main type,All types,Website,Website (root url),Phone,Phone international,Borough,Street,City,Postal code,State,Country,Country code,Longitude,Latitude,Link,First seen on,Reviews count,Reviews rating,Reviews per score,Photos count,Photo 1,Photo 2,All photos
0x8c036f39c8756047:0x38f4d248a30bcf3d,Condal Tapas Restaurant & Rooftop Lounge,"Condal Tapas Restaurant & Rooftop Lounge, 1104 Magdalena Ave, San Juan, 00908, Puerto Rico",No,,Tapas restaurant,"Carvery,Cocktail bar,Seafood restaurant,Spanish restaurant,Steak house,Tapas restaurant,Wine bar",,,+1 787-725-0023,17877250023,Santurce,1104 Magdalena Ave,San Juan,908,San Juan,Puerto Rico,PR,-66.0741174,18.4563899,"https://www.google.com/maps/preview/place/Condal+Tapas+Restaurant+%26+Rooftop+Lounge,+1104+Magdalena+Ave,+San+Juan,+00908,+Puerto+Rico/@18.4563899,-66.0741174,3785a,13.1y/data=!4m2!3m1!1s0x8c036f39c8756047:0x38f4d248a30bcf3d",8/28/2021,702,4.1,"{""1"":97.0,""2"":23.0,""3"":50.0,""4"":92.0,""5"":440.0}",708,https://lh5.googleusercontent.com/p/AF1QipNhdV6MvYEFjUK9LPC5XHVHFkzwphs33uWkvlgD,,"[""https:\/\/lh5.googleusercontent.com\/p\/AF1QipNhdV6MvYEFjUK9LPC5XHVHFkzwphs33uWkvlgD""]"
0x8c036907dfb8e9ed:0x2253fd26aef74f75,Ikebana Sushi Bar - Guaynabo,"Ikebana Sushi Bar - Guaynabo, 3 Av. San Patricio, Guaynabo, 00968, Puerto Rico",No,"Founded in 2002, Ikebana Creative Sushi Sake Lounge offers more than your typical Japanese sushi experience. Located in San Patricio Mall, Guaynabo, it’s no surprise that we have been selected as the Best Sushi Bar Restaurant in Puerto Rico for six consecutive years (2011-2016) by the esteemed Sal! Awards, as well as received the 2017 TripAdvisor Certificate of Excellence.

Our ongoing goal is to exceed your expectations across all our menu choices. Our warm, knowledgeable, and professional staff will greet you and provide genuine hospitality as they help guide your dining experience.

We take pride in using seasonal ingredients and seafood to create delicious dishes deeply rooted in Japanese cuisine yet adding our unique Caribbean twist.",Sushi restaurant,"Asian restaurant,Cocktail bar,Japanese restaurant,Seafood restaurant,Sushi restaurant,Wine bar",https://www.ikebanasushibars.com,https://www.ikebanasushibars.com,+1 787-782-6901,17877826901,"Pueblo Viejo, Guaynabo, Puerto Rico",3 Av. San Patricio,Guaynabo,968,Guaynabo,Puerto Rico,PR,-66.1048794,18.4071762,"https://www.google.com/maps/preview/place/Ikebana+Sushi+Bar+-+Guaynabo,+3+Av.+San+Patricio,+Guaynabo,+00968,+Puerto+Rico/@18.4071762,-66.1048794,3786a,13.1y/data=!4m2!3m1!1s0x8c036907dfb8e9ed:0x2253fd26aef74f75",8/28/2021,722,4.3,"{""1"":44.0,""2"":33.0,""3"":56.0,""4"":147.0,""5"":442.0}",623,https://lh5.googleusercontent.com/p/AF1QipMSf_LLolzZbd6wvKyLKmDAZ_idGAZwmR4ptpma,https://lh5.googleusercontent.com/p/AF1QipPBQnVPOltbjjZKcimtTGPa3DnJI-g6DiJDE5w8,"[""https:\/\/lh5.googleusercontent.com\/p\/AF1QipMSf_LLolzZbd6wvKyLKmDAZ_idGAZwmR4ptpma"",""https:\/\/lh5.googleusercontent.com\/p\/AF1QipPBQnVPOltbjjZKcimtTGPa3DnJI-g6DiJDE5w8""]"
0x8c0368bde16d9891:0xe6073063cfc2b2f0,West Marine,"West Marine, 135 Av. Arterial B, San Juan, 00918, Puerto Rico",No,"West Marine San Juan is our flagship marine supply store equipping Puerto Rico with fishing equipment, boating supplies, and kayaking gear. From sheltered San Juan Bay to the Caribbean and greater Atlantic Ocean, Puerto Rico is surrounded by stunning destinations and pleasant waters. Deep-sea fish at Fajardo, cruise over to Culebra and Vieques Islands, or paddle through coastal mangrove forests. Our boat shop is well-stocked with watersport essentials, like audio systems, boat parts, SUP paddles, sail rigging, and fishing rods. For dependable service and local expertise, visit our store.",Marine supply store,"Bait shop,Boat accessories supplier,Boat cover supplier,Fishing store,Marine supply store,Outdoor clothing and equipment shop,Outdoor sports store,Store,Water ski shop",https://www.westmarine.com/stores/san-juan-pr-1325,https://www.westmarine.com,+1 787-998-1891,17879981891,Hato Rey Norte,135 Av. Arterial B,San Juan,918,San Juan,Puerto Rico,PR,-66.0626273,18.4293828,"https://www.google.com/maps/preview/place/West+Marine,+135+Av.+Arterial+B,+San+Juan,+00918,+Puerto+Rico/@18.4293828,-66.0626273,3785a,13.1y/data=!4m2!3m1!1s0x8c0368bde16d9891:0xe6073063cfc2b2f0",8/29/2021,1227,4.5,"{""1"":39.0,""2"":18.0,""3"":71.0,""4"":249.0,""5"":850.0}",569,https://lh5.googleusercontent.com/p/AF1QipMt6iFX2LfOXWVukvgfjc2G_n4RcS-Lpa1BZS_6,https://lh5.googleusercontent.com/p/AF1QipN8pvE5f8hjPQmmyJuPvUJEySN7bIdcO3DXC8bB,"[""https:\/\/lh5.googleusercontent.com\/p\/AF1QipMt6iFX2LfOXWVukvgfjc2G_n4RcS-Lpa1BZS_6"",""https:\/\/lh5.googleusercontent.com\/p\/AF1QipN8pvE5f8hjPQmmyJuPvUJEySN7bIdcO3DXC8bB""]"
0x8c036f4b02b04b33:0x3f28e22ea99fd501,Lote 23,"Lote 23, 1552 PR-25, San Juan, 00909, Puerto Rico",No,Vibrant hub of food & drink kiosks,Food court,"Coffee store,Food court,Fried chicken takeaway,Hamburger restaurant,Ice cream shop,Mexican restaurant,Pizza restaurant,Raw food restaurant,Restaurant,Venezuelan restaurant",http://www.lote23.com,http://www.lote23.com,,,Santurce,1552 PR-25,San Juan,909,San Juan,Puerto Rico,PR,-66.0671411,18.4450632,"https://www.google.com/maps/preview/place/Lote+23,+1552+PR-25,+San+Juan,+00909,+Puerto+Rico/@18.4450632,-66.0671411,3785a,13.1y/data=!4m2!3m1!1s0x8c036f4b02b04b33:0x3f28e22ea99fd501",8/29/2021,3959,4.6,"{""1"":54.0,""2"":53.0,""3"":283.0,""4"":806.0,""5"":2763.0}",3052,https://lh5.googleusercontent.com/p/AF1QipODt-fJPr5Vl9W_Ct1hq41QNI_5wfQHhR0JNamW,https://lh5.googleusercontent.com/p/AF1QipMFm9airkTtm1s-6l8Xbj6C8PqavyblbtA0QG-y,"[""https:\/\/lh5.googleusercontent.com\/p\/AF1QipODt-fJPr5Vl9W_Ct1hq41QNI_5wfQHhR0JNamW"",""https:\/\/lh5.googleusercontent.com\/p\/AF1QipMFm9airkTtm1s-6l8Xbj6C8PqavyblbtA0QG-y""]"
0x8c1d3576cdda6463:0x58b291b421e976ef,Lechonera Los Biónicos,"Lechonera Los Biónicos, PR-102, San Germán, 00683, Puerto Rico",No,,Puerto Rican restaurant,Puerto Rican restaurant,http://lechoneraspr.com/san-german/los-bionicos.html,http://lechoneraspr.com,+1 787-543-3319,17875433319,,PR-102,San Germán,683,San Germán,Puerto Rico,PR,-66.9830146,18.0771634,"https://www.google.com/maps/preview/place/Lechonera+Los+Bi%C3%B3nicos,+PR-102,+San+Germ%C3%A1n,+00683,+Puerto+Rico/@18.0771634,-66.9830146,3793a,13.1y/data=!4m2!3m1!1s0x8c1d3576cdda6463:0x58b291b421e976ef",8/29/2021,127,4.2,"{""1"":10.0,""2"":0.0,""3"":15.0,""4"":27.0,""5"":75.0}",24,https://lh5.googleusercontent.com/p/AF1QipN8qc96Rap-ic2ieuBVpaYOEO7BRb3CPj0omIHI,https://lh5.googleusercontent.com/p/AF1QipPNMbg23TvvTz8yDNnO4eERRrmo_VbxWZ3fSgZh,"[""https:\/\/lh5.googleusercontent.com\/p\/AF1QipN8qc96Rap-ic2ieuBVpaYOEO7BRb3CPj0omIHI"",""https:\/\/lh5.googleusercontent.com\/p\/AF1QipPNMbg23TvvTz8yDNnO4eERRrmo_VbxWZ3fSgZh""]"
0x8c0367d2cac78c91:0x287e50216b27c418,CAFE ISTANBUL,"CAFE ISTANBUL, COND. LAS MERCEDES, 424 AVE. 65 INFANTERIA, Av. 65 de Infantería STE C3, San Juan, 00926, Puerto Rico",No,,Turkish restaurant,Turkish restaurant,https://m.facebook.com/profile.php?id=119454848088394&refsrc=https%3A%2F%2Fes-la.facebook.com%2Fpages%2FCAFE-ISTANBUL-PR%2F119454848088394,https://m.facebook.com,+1 787-767-6700,17877676700,"Sabana Llana Sur, San Juan, Puerto Rico","COND. LAS MERCEDES, 424 AVE. 65 INFANTERIA, Av. 65 de Infantería STE C3",San Juan,926,San Juan,Puerto Rico,PR,-66.036,18.39431,"https://www.google.com/maps/preview/place/CAFE+ISTANBUL,+COND.+LAS+MERCEDES,+424+AVE.+65+INFANTERIA,+Av.+65+de+Infanter%C3%ADa+STE+C3,+San+Juan,+00926,+Puerto+Rico/@18.39431,-66.036,3786a,13.1y/data=!4m2!3m1!1s0x8c0367d2cac78c91:0x287e50216b27c418",8/29/2021,1055,4.6,"{""1"":31.0,""2"":9.0,""3"":37.0,""4"":149.0,""5"":829.0}",764,https://lh5.googleusercontent.com/p/AF1QipOi940zZ0CXoUSRGvZB_C5Gn4V8UUqPApjN3MxT,https://lh5.googleusercontent.com/p/AF1QipP26aGktnufxmOCQ9MbgS9ScZiLIxgKr6Nksmg-,"[""https:\/\/lh5.googleusercontent.com\/p\/AF1QipOi940zZ0CXoUSRGvZB_C5Gn4V8UUqPApjN3MxT"",""https:\/\/lh5.googleusercontent.com\/p\/AF1QipP26aGktnufxmOCQ9MbgS9ScZiLIxgKr6Nksmg-""]"
0x8c031ffeff69226b:0xb536d3f7ee787076,Abar Sport Bar,"Abar Sport Bar, Carr 140 Km 67.5 Bo, Residencia Las Llanadas, Barceloneta, 00617, Puerto Rico",No,"Agencia Hípica y Sport Bar. Ambiente agradable, con seguridad, aire acondicionado y el mejor equipo de trabajo, él cual te hará sentir en familia.",Sports bar,"Bar,Sports bar",,,+1 787-663-1018,17876631018,,"Carr 140 Km 67.5 Bo, Residencia Las Llanadas",Barceloneta,617,Barceloneta,Puerto Rico,PR,-66.5471991,18.4460867,"https://www.google.com/maps/preview/place/Abar+Sport+Bar,+Carr+140+Km+67.5+Bo,+Residencia+Las+Llanadas,+Barceloneta,+00617,+Puerto+Rico/@18.4460867,-66.5471991,3785a,13.1y/data=!4m2!3m1!1s0x8c031ffeff69226b:0xb536d3f7ee787076",8/29/2021,1,5,"{""1"":0.0,""2"":0.0,""3"":0.0,""4"":0.0,""5"":1.0}",11,https://lh5.googleusercontent.com/p/AF1QipMWwF9FlqwhGhEEMYHsSJ7v7aVqauBKuAmyqTrt,https://lh5.googleusercontent.com/p/AF1QipPKKoHe06W38vGoM4k-I5V_eWY8fqDu_Komnr_D,"[""https:\/\/lh5.googleusercontent.com\/p\/AF1QipMWwF9FlqwhGhEEMYHsSJ7v7aVqauBKuAmyqTrt"",""https:\/\/lh5.googleusercontent.com\/p\/AF1QipPKKoHe06W38vGoM4k-I5V_eWY8fqDu_Komnr_D""]"
0x8c036f257de4dd05:0x17ded4d9e890237d,Pizza e Birra,"Pizza e Birra, 653 PR-25, San Juan, 00907, Puerto Rico",No,,Pizza restaurant,"Bar,Cocktail bar,Family restaurant,Italian restaurant,Lunch restaurant,Pizza restaurant,Restaurant,Wine bar",https://www.facebook.com/PizzaEBirraMiramar,https://www.facebook.com,+1 787-729-8866,17877298866,Miramar,653 PR-25,San Juan,907,San Juan,Puerto Rico,PR,-66.0846239,18.4565108,"https://www.google.com/maps/preview/place/Pizza+e+Birra,+653+PR-25,+San+Juan,+00907,+Puerto+Rico/@18.4565108,-66.0846239,3785a,13.1y/data=!4m2!3m1!1s0x8c036f257de4dd05:0x17ded4d9e890237d",8/29/2021,1117,4.3,"{""1"":56.0,""2"":31.0,""3"":109.0,""4"":244.0,""5"":677.0}",493,https://lh5.googleusercontent.com/p/AF1QipOYfbVouUw4suEmbfCCkpKpZMtYYgmCS06AQxZf,https://lh5.googleusercontent.com/p/AF1QipO0d1T776-JKktvO5fCGGd0tXc6zC9LdXpbLx7E,"[""https:\/\/lh5.googleusercontent.com\/p\/AF1QipOYfbVouUw4suEmbfCCkpKpZMtYYgmCS06AQxZf"",""https:\/\/lh5.googleusercontent.com\/p\/AF1QipO0d1T776-JKktvO5fCGGd0tXc6zC9LdXpbLx7E""]"
0x8c03432517f4d375:0x9f6ddfe7ddd8b2f5,El Cantinflas Tacos Place,"El Cantinflas Tacos Place, Carr # 1 km 27.0, Caguas, 00725, Puerto Rico",No,Los mejores tacos de PR!,Mexican restaurant,Mexican restaurant,,,+1 787-600-7475,17876007475,,Carr # 1 km 27.0,Caguas,725,Caguas,Puerto Rico,PR,-66.0603244,18.2990487,"https://www.google.com/maps/preview/place/El+Cantinflas+Tacos+Place,+Carr+%23+1+km+27.0,+Caguas,+00725,+Puerto+Rico/@18.2990487,-66.0603244,3788a,13.1y/data=!4m2!3m1!1s0x8c03432517f4d375:0x9f6ddfe7ddd8b2f5",8/29/2021,6011,4.4,"{""1"":171.0,""2"":151.0,""3"":539.0,""4"":1217.0,""5"":3933.0}",704,https://lh5.googleusercontent.com/p/AF1QipPeyMa25Kgddw5-xhZULDpJld2twCBZo4Psx2Mq,https://lh5.googleusercontent.com/p/AF1QipP3MSskxW4ot6LVgaMkETCz2N0ss8TZtNVbdYjf,"[""https:\/\/lh5.googleusercontent.com\/p\/AF1QipPeyMa25Kgddw5-xhZULDpJld2twCBZo4Psx2Mq"",""https:\/\/lh5.googleusercontent.com\/p\/AF1QipP3MSskxW4ot6LVgaMkETCz2N0ss8TZtNVbdYjf""]"
0x8c02e87075baa4b9:0xf5fe8c7beca34722,Hatillo Kash N' Karry,"Hatillo Kash N' Karry, Marginal Calle Comercio, Hatillo, 00659, Puerto Rico",No,,Supermarket,Supermarket,http://www.hatillokashnkarry.com,http://www.hatillokashnkarry.com,+1 787-898-5840,17878985840,,Marginal Calle Comercio,Hatillo,659,Hatillo,Puerto Rico,PR,-66.818353,18.485629,"https://www.google.com/maps/preview/place/Hatillo+Kash+N'+Karry,+Marginal+Calle+Comercio,+Hatillo,+00659,+Puerto+Rico/@18.485629,-66.818353,3784a,13.1y/data=!4m2!3m1!1s0x8c02e87075baa4b9:0xf5fe8c7beca34722",8/30/2021,1553,4.5,"{""1"":37.0,""2"":26.0,""3"":95.0,""4"":349.0,""5"":1046.0}",141,https://lh5.googleusercontent.com/p/AF1QipPNulWDjoUg0l4ZqUg5NKscw1iYKmgyK7hnZwiV,https://lh5.googleusercontent.com/p/AF1QipNhELPiI7iPvdpGJqRRUh1U1O3s4epo35au0Y2T,"[""https:\/\/lh5.googleusercontent.com\/p\/AF1QipPNulWDjoUg0l4ZqUg5NKscw1iYKmgyK7hnZwiV"",""https:\/\/lh5.googleusercontent.com\/p\/AF1QipNhELPiI7iPvdpGJqRRUh1U1O3s4epo35au0Y2T""]"
0x8c036f2f777d09ff:0xe7ee6488788e0f78,Casita Miramar,"Casita Miramar, 605 Av. Miramar, San Juan, 00907, Puerto Rico",No,"CASITA MIRAMAR, Authentic Puerto Rican food in an elegant and family style environment. Experience a taste of the Caribbean in a traditional Miramar 'casona' where every space is unique.",Puerto Rican restaurant,Puerto Rican restaurant,https://www.casita-miramar.com,https://www.casita-miramar.com,+1 787-631-8265,17876318265,Santurce,605 Av. Miramar,San Juan,907,San Juan,Puerto Rico,PR,-66.0851077,18.4558229,"https://www.google.com/maps/preview/place/Casita+Miramar,+605+Av.+Miramar,+San+Juan,+00907,+Puerto+Rico/@18.4558229,-66.0851077,3785a,13.1y/data=!4m2!3m1!1s0x8c036f2f777d09ff:0xe7ee6488788e0f78",8/30/2021,3032,4.5,"{""1"":140.0,""2"":77.0,""3"":144.0,""4"":361.0,""5"":2310.0}",4161,https://lh5.googleusercontent.com/p/AF1QipPmtJvF8WoVwmDoC6x74YPNezNBSoT4MzJkmzTt,https://lh5.googleusercontent.com/p/AF1QipME8WeJREeqtSADZ58Qyo8e40YxR4NgxWZ0LaXc,"[""https:\/\/lh5.googleusercontent.com\/p\/AF1QipPmtJvF8WoVwmDoC6x74YPNezNBSoT4MzJkmzTt"",""https:\/\/lh5.googleusercontent.com\/p\/AF1QipME8WeJREeqtSADZ58Qyo8e40YxR4NgxWZ0LaXc""]"
0x8c0367cc32b3d87f:0x69cdc2a4f203f00f,TotalEnergies Park Gardens,"TotalEnergies Park Gardens, EXPRESO TRUJILLO ALTO & AVE. PARK GARDENS RIO PIEDRAS, 00926, Puerto Rico",No,,Gas station,Gas station,https://totalenergies.com.pr,https://totalenergies.com.pr,+1 787-963-1242,17879631242,"Sabana Llana Sur, San Juan, Puerto Rico",EXPRESO TRUJILLO ALTO & AVE. PARK GARDENS RIO PIEDRAS,San Juan,926,San Juan,Puerto Rico,PR,-66.0314465,18.3891038,"https://www.google.com/maps/preview/place/TotalEnergies+Park+Gardens,+EXPRESO+TRUJILLO+ALTO+%26+AVE.+PARK+GARDENS+RIO+PIEDRAS,+00926,+Puerto+Rico/@18.3891038,-66.0314465,3786a,13.1y/data=!4m2!3m1!1s0x8c0367cc32b3d87f:0x69cdc2a4f203f00f",8/30/2021,194,4.2,"{""1"":3.0,""2"":2.0,""3"":33.0,""4"":62.0,""5"":94.0}",7,https://lh5.googleusercontent.com/p/AF1QipM5i9-uXQaGdtM85G-ULxRM0P0uLi_zTbXehS8C,https://lh5.googleusercontent.com/p/AF1QipPoeSW0tsHoyDfpMA7LF4VtO64SoO77TciHnY7s,"[""https:\/\/lh5.googleusercontent.com\/p\/AF1QipM5i9-uXQaGdtM85G-ULxRM0P0uLi_zTbXehS8C"",""https:\/\/lh5.googleusercontent.com\/p\/AF1QipPoeSW0tsHoyDfpMA7LF4VtO64SoO77TciHnY7s""]"
0x8c0367e7bc316b0b:0x82296537054a251a,Supermercado Selectos,"9XC7+F74 Supermercado Selectos, San Juan, 00926, Puerto Rico",No,,Supermarket,Supermarket,https://selectospr.com/main,https://selectospr.com,+1 787-755-8305,17877558305,"Sabana Llana Sur, San Juan, Puerto Rico",9XC7+F74,San Juan,926,San Juan,Puerto Rico,PR,-66.0367946,18.3711405,"https://www.google.com/maps/preview/place/9XC7%2BF74+Supermercado+Selectos,+San+Juan,+00926,+Puerto+Rico/@18.3711405,-66.0367946,3786a,13.1y/data=!4m2!3m1!1s0x8c0367e7bc316b0b:0x82296537054a251a",8/30/2021,1015,4.4,"{""1"":26.0,""2"":28.0,""3"":104.0,""4"":239.0,""5"":618.0}",77,https://lh5.googleusercontent.com/p/AF1QipOz5JbeBRW_mhN8Qq407fiwkhUkq8HStRvWTbZw,https://lh5.googleusercontent.com/p/AF1QipMkdr56M-q80pjjxfIjBdaUXGkUo5tQ59tod91c,"[""https:\/\/lh5.googleusercontent.com\/p\/AF1QipOz5JbeBRW_mhN8Qq407fiwkhUkq8HStRvWTbZw"",""https:\/\/lh5.googleusercontent.com\/p\/AF1QipMkdr56M-q80pjjxfIjBdaUXGkUo5tQ59tod91c""]"
0x8c0367a8079914db:0xdf912ea88fedbc3e,Supermercado Econo Bo. Saint Just,"Supermercado Econo Bo. Saint Just, CARR 848 KM.2, 2, Trujillo Alto, 00976, Puerto Rico",No,,Supermarket,Supermarket,http://www.superecono.com,http://www.superecono.com,+1 787-752-4049,17877524049,,"CARR 848 KM.2, 2",Trujillo Alto,976,Trujillo Alto,Puerto Rico,PR,-65.9992476,18.3784601,"https://www.google.com/maps/preview/place/Supermercado+Econo+Bo.+Saint+Just,+CARR+848+KM.2,+2,+Trujillo+Alto,+00976,+Puerto+Rico/@18.3784601,-65.9992476,3786a,13.1y/data=!4m2!3m1!1s0x8c0367a8079914db:0xdf912ea88fedbc3e",8/30/2021,978,4.3,"{""1"":27.0,""2"":30.0,""3"":119.0,""4"":207.0,""5"":595.0}",50,https://lh3.googleusercontent.com/gps-cs/AOY9FTrRGz9po06wpbsom78p3zA6AeSMRaFxjGld4vdv_d8frDpi-qoeEDRBg3tYSltjwYlZ4u70quF_R0jLJlGcdeWVxLujCZWc6bOscIdBk5fYM9pXlpqaAdVwSqdNv5mR_thcJJ8,https://lh3.googleusercontent.com/gps-cs/AOY9FTpwMqq0LVE8cqruilp6pQJs6e_TZkIuCwAlckHrAcbzPc2R7iKAo9dl5gE-puM_pAgbVz8v3pZUAesINVbXZgk2GHNKoScUl71vv_Q6-eDv2ouKQ_dMFCocwZxYxEPWmkHRUDk,"[""https:\/\/lh3.googleusercontent.com\/gps-cs\/AOY9FTrRGz9po06wpbsom78p3zA6AeSMRaFxjGld4vdv_d8frDpi-qoeEDRBg3tYSltjwYlZ4u70quF_R0jLJlGcdeWVxLujCZWc6bOscIdBk5fYM9pXlpqaAdVwSqdNv5mR_thcJJ8"",""https:\/\/lh3.googleusercontent.com\/gps-cs\/AOY9FTpwMqq0LVE8cqruilp6pQJs6e_TZkIuCwAlckHrAcbzPc2R7iKAo9dl5gE-puM_pAgbVz8v3pZUAesINVbXZgk2GHNKoScUl71vv_Q6-eDv2ouKQ_dMFCocwZxYxEPWmkHRUDk""]"
0x8c036eaa2649133f:0x5a10836b41a141e0,Casa BACARDÍ,"Casa BACARDÍ, 200 PR-165, Cataño, 00962, Puerto Rico",No,"Casa BACARDÍ Puerto Rico offers an unforgettable experience where visitors can explore the history of BACARDÍ, enjoy interactive rum tastings, and learn how to make classic cocktails. Our iconic venue provides a unique setting for private events and exclusive tours.",Tourist attraction,"Alcohol manufacturer,Bar,Distillery,Tour operator,Tourist attraction",https://www.casabacardi.com,https://www.casabacardi.com,,,"Palmas, Cataño, Puerto Rico",200 PR-165,Cataño,962,Cataño,Puerto Rico,PR,-66.1392645,18.4582111,"https://www.google.com/maps/preview/place/Casa+BACARD%C3%8D,+200+PR-165,+Cata%C3%B1o,+00962,+Puerto+Rico/@18.4582111,-66.1392645,3785a,13.1y/data=!4m2!3m1!1s0x8c036eaa2649133f:0x5a10836b41a141e0",8/30/2021,2474,4.6,"{""1"":121.0,""2"":53.0,""3"":92.0,""4"":280.0,""5"":1928.0}",9814,https://lh5.googleusercontent.com/p/AF1QipO7Rkhk2RNSwZRqQnx9seQ_qPZUNJY9l56ZIju-,https://lh5.googleusercontent.com/p/AF1QipNlfO8nV_K8HcjlwouZ0PrJqnR3DlHnmXt3nCKC,"[""https:\/\/lh5.googleusercontent.com\/p\/AF1QipO7Rkhk2RNSwZRqQnx9seQ_qPZUNJY9l56ZIju-"",""https:\/\/lh5.googleusercontent.com\/p\/AF1QipNlfO8nV_K8HcjlwouZ0PrJqnR3DlHnmXt3nCKC""]"
0x8c0365cd24844991:0xf2090e97e2fc8446,Ocean Lab Brewing Co.,"Ocean Lab Brewing Co., 7000 Carr. 187 RR2, Carolina, 00979, Puerto Rico",No,Ocean Lab Brewing Co. was born on the beach and our brews fully embrace this. We strive to find the perfect combination on every single beer we make.,Brewery,"Beer distributor,Beer garden,Brewery,Event venue,Live music venue,Restaurant",https://oceanlabbrewery.com,https://oceanlabbrewery.com,+1 787-648-5655,17876485655,Cangrejo Arriba,7000 Carr. 187 RR2,Carolina,979,Carolina,Puerto Rico,PR,-65.9998234,18.4471931,"https://www.google.com/maps/preview/place/Ocean+Lab+Brewing+Co.,+7000+Carr.+187+RR2,+Carolina,+00979,+Puerto+Rico/@18.4471931,-65.9998234,3785a,13.1y/data=!4m2!3m1!1s0x8c0365cd24844991:0xf2090e97e2fc8446",8/30/2021,975,4.6,"{""1"":32.0,""2"":20.0,""3"":38.0,""4"":140.0,""5"":745.0}",1742,https://lh5.googleusercontent.com/p/AF1QipPOn58n-1B0sWgDl6H8BnF8mmem-Xugr5o0ZGRl,https://lh5.googleusercontent.com/p/AF1QipNyWuGOeKLyGyTJfe3yJ3H_t1XgzToleufHREXy,"[""https:\/\/lh5.googleusercontent.com\/p\/AF1QipPOn58n-1B0sWgDl6H8BnF8mmem-Xugr5o0ZGRl"",""https:\/\/lh5.googleusercontent.com\/p\/AF1QipNyWuGOeKLyGyTJfe3yJ3H_t1XgzToleufHREXy""]"
0x8c036874419f7f63:0x9103176a38b42771,La Vieja Pizza & Beer,"La Vieja Pizza & Beer, Urb. Sagrado Corazon, 400 C. San Claudio, San Juan, 00926, Puerto Rico",No,,Pizza restaurant,"Beer garden,Beer hall,Craft store,Pizza restaurant",https://qrco.de/bbY10Z,https://qrco.de,+1 787-674-4411,17876744411,Cupey,"Urb. Sagrado Corazon, 400 C. San Claudio",San Juan,926,San Juan,Puerto Rico,PR,-66.05093,18.378033,"https://www.google.com/maps/preview/place/La+Vieja+Pizza+%26+Beer,+Urb.+Sagrado+Corazon,+400+C.+San+Claudio,+San+Juan,+00926,+Puerto+Rico/@18.378033,-66.05093,3786a,13.1y/data=!4m2!3m1!1s0x8c036874419f7f63:0x9103176a38b42771",8/30/2021,243,4.5,"{""1"":5.0,""2"":7.0,""3"":17.0,""4"":50.0,""5"":164.0}",274,https://lh5.googleusercontent.com/p/AF1QipOHmTDTBnUK1iuOIkQoiaLXnlcfkujcfnK1iVbc,https://lh5.googleusercontent.com/p/AF1QipOIpFhg3iNU-SbRAgEwTzTE7Dtn3hHZYro1_qQk,"[""https:\/\/lh5.googleusercontent.com\/p\/AF1QipOHmTDTBnUK1iuOIkQoiaLXnlcfkujcfnK1iVbc"",""https:\/\/lh5.googleusercontent.com\/p\/AF1QipOIpFhg3iNU-SbRAgEwTzTE7Dtn3hHZYro1_qQk""]"
0x8c036690cd893aa3:0xe68fe0cb36eb28f7,Restaurante Castellana,"Restaurante Castellana, Castellana Gardens, Calle Castella, 00983, Puerto Rico",No,,Puerto Rican restaurant,Puerto Rican restaurant,https://www.facebook.com/rest.castellana,https://www.facebook.com,+1 787-701-9999,17877019999,"Sabana Abajo, Carolina, Puerto Rico","Castellana Gardens, Calle Castella",Carolina,983,Carolina,Puerto Rico,PR,-65.9809165,18.418583,"https://www.google.com/maps/preview/place/Restaurante+Castellana,+Castellana+Gardens,+Calle+Castella,+00983,+Puerto+Rico/@18.418583,-65.9809165,3785a,13.1y/data=!4m2!3m1!1s0x8c036690cd893aa3:0xe68fe0cb36eb28f7",8/30/2021,1012,4.6,"{""1"":23.0,""2"":9.0,""3"":57.0,""4"":156.0,""5"":767.0}",87,https://lh5.googleusercontent.com/p/AF1QipP0-ZH-DfSt7wa7Ph9o9DTPb24v8VZymLQwbQA6,https://lh5.googleusercontent.com/p/AF1QipMCmBs6OUI4Hzoqh6MHVxE2lb0-oHA4IBA5J8-u,"[""https:\/\/lh5.googleusercontent.com\/p\/AF1QipP0-ZH-DfSt7wa7Ph9o9DTPb24v8VZymLQwbQA6"",""https:\/\/lh5.googleusercontent.com\/p\/AF1QipMCmBs6OUI4Hzoqh6MHVxE2lb0-oHA4IBA5J8-u""]"
0x8c0368c197fbf097:0xc14d9fc5aa1b2137,El Meson Sandwiches (Plaza las Américas),"El Meson Sandwiches (Plaza las Américas), MAC Cosmetics, Avenida F.D. Roosevelt Local 315, San Juan, 00918, Puerto Rico",No,"Restaurante fast-casual netamente Puertorriqueño desde 1972, enfocado en desayunos a cualquier hora, los mejores sándwiches y café puertorriqueño.",Restaurant,"Breakfast restaurant,Coffee store,Fast food restaurant,Restaurant,Sandwich shop",https://www.elmesonsandwiches.com,https://www.elmesonsandwiches.com,+1 787-753-1705,17877531705,Hato Rey Norte,"MAC Cosmetics, Avenida F.D. Roosevelt Local 315",San Juan,918,San Juan,Puerto Rico,PR,-66.0747902,18.4239681,"https://www.google.com/maps/preview/place/El+Meson+Sandwiches+(Plaza+las+Am%C3%A9ricas),+MAC+Cosmetics,+Avenida+F.D.+Roosevelt+Local+315,+San+Juan,+00918,+Puerto+Rico/@18.4239681,-66.0747902,3785a,13.1y/data=!4m2!3m1!1s0x8c0368c197fbf097:0xc14d9fc5aa1b213",8/30/2021,1836,4.4,"{""1"":63.0,""2"":35.0,""3"":174.0,""4"":389.0,""5"":1175.0}",130,https://lh5.googleusercontent.com/p/AF1QipNil0M55nugWU8Wz5vVb-uB6Zc87Ec9YHSLssKV,https://lh5.googleusercontent.com/p/AF1QipN4HgYI4FQhpAGTPiVaNPO3ZwItj0G_BkQh4bij,"[""https:\/\/lh5.googleusercontent.com\/p\/AF1QipNil0M55nugWU8Wz5vVb-uB6Zc87Ec9YHSLssKV"",""https:\/\/lh5.googleusercontent.com\/p\/AF1QipN4HgYI4FQhpAGTPiVaNPO3ZwItj0G_BkQh4bij""]"
0x8c03689ebe93d673:0x5871b64674670289,La Factoría,"La Factoría, 148 C. de San Sebastián, San Juan, 00901, Puerto Rico",No,"The very moment you enter our doors you can feel that La Factoría is not your ordinary bar. Our unmarked location is full of secret passages that lead to our six bars, each curated with a different ambiance and drink menu. Whether you seek to enjoy craft cocktails, dance the night away to live music, or simply relax in good company, we got you.

We are humbled to be among The World's 50 Best Bars for 5 years in a row, and for our strong alliance with the Tales of the Cocktail Foundation.",Bar,"Bar,Cocktail bar",https://www.instagram.com/lafactoriapr?igsh=MWlycmxzdW1ld2gwOA%3D%3D,https://www.instagram.com,,,San Juan Antiguo,148 C. de San Sebastián,San Juan,901,San Juan,Puerto Rico,PR,-66.1175288,18.4672262,"https://www.google.com/maps/preview/place/La+Factor%C3%ADa,+148+C.+de+San+Sebasti%C3%A1n,+San+Juan,+00901,+Puerto+Rico/@18.4672262,-66.1175288,3784a,13.1y/data=!4m2!3m1!1s0x8c03689ebe93d673:0x5871b64674670289",8/30/2021,3961,4.6,"{""1"":115.0,""2"":62.0,""3"":160.0,""4"":573.0,""5"":3051.0}",4278,https://lh5.googleusercontent.com/p/AF1QipNx0wuaS_Xb99FA_ZzAlF1oG4j-rTTRSJA6_vIY,https://lh5.googleusercontent.com/p/AF1QipP6uk66qV1f1hE_UrqSrVUrqbCtRoXUG7lRh5HO,"[""https:\/\/lh5.googleusercontent.com\/p\/AF1QipNx0wuaS_Xb99FA_ZzAlF1oG4j-rTTRSJA6_vIY"",""https:\/\/lh5.googleusercontent.com\/p\/AF1QipP6uk66qV1f1hE_UrqSrVUrqbCtRoXUG7lRh5HO""]"
0x8c0367a804e500b1:0x3671ba768b4f7b90,Ecomaxx,"Ecomaxx, PR-848, Trujillo Alto, 00976, Puerto Rico",No,,Gas station,Gas station,http://www.ecomaxxpr.com,http://www.ecomaxxpr.com,,,,PR-848,Trujillo Alto,976,Trujillo Alto,Puerto Rico,PR,-65.9992953,18.3790321,"https://www.google.com/maps/preview/place/Ecomaxx,+PR-848,+Trujillo+Alto,+00976,+Puerto+Rico/@18.3790321,-65.9992953,3786a,13.1y/data=!4m2!3m1!1s0x8c0367a804e500b1:0x3671ba768b4f7b90",8/30/2021,75,4.1,"{""1"":7.0,""2"":1.0,""3"":9.0,""4"":20.0,""5"":38.0}",12,https://lh5.googleusercontent.com/p/AF1QipPNUDxCBsq0Hz1gXg193G52GPJPSIfCN8WPZoGg,https://lh5.googleusercontent.com/p/AF1QipOysFGC4T6AvC1mUAmU3rm0Jhtmfr17udSuxVjC,"[""https:\/\/lh5.googleusercontent.com\/p\/AF1QipPNUDxCBsq0Hz1gXg193G52GPJPSIfCN8WPZoGg"",""https:\/\/lh5.googleusercontent.com\/p\/AF1QipOysFGC4T6AvC1mUAmU3rm0Jhtmfr17udSuxVjC""]"
0x8c036fd26fedfbe1:0xf9553a6e66bce55d,Ujeong Korean BBQ,"Ujeong Korean BBQ, Esquina 1916 Calle Las Palomas, C. Loíza, San Juan, 00911, Puerto Rico",No,"Ujeong Korean BBQ is Korean restaurant located in the heart of Puerto Rico, on Calle Loíza. The restaurant offers a wide variety of Korean dishes, including barbecue, bibimbap, and bulgogi. The food is made with fresh, high-quality ingredients and is prepared by experienced Korean chefs. Ujeong Korean BBQ is a great place to experience the delicious flavors of Korean cuisine. The restaurant is also a popular spot for locals and tourists alike, and it is known for its friendly and welcoming atmosphere. 7 years of business one LOCATION.",Korean barbecue restaurant,Korean barbecue restaurant,http://www.ujeongkoreanbbqpr.com,http://www.ujeongkoreanbbqpr.com,+1 939-325-5247,19393255247,Santurce,"Esquina 1916 Calle Las Palomas, C. Loíza",San Juan,911,San Juan,Puerto Rico,PR,-66.0565745,18.4510451,"https://www.google.com/maps/preview/place/Ujeong+Korean+BBQ,+Esquina+1916+Calle+Las+Palomas,+C.+Lo%C3%ADza,+San+Juan,+00911,+Puerto+Rico/@18.4510451,-66.0565745,3785a,13.1y/data=!4m2!3m1!1s0x8c036fd26fedfbe1:0xf9553a6e66bce55d",8/30/2021,1030,4.4,"{""1"":77.0,""2"":40.0,""3"":56.0,""4"":101.0,""5"":756.0}",1045,https://lh5.googleusercontent.com/p/AF1QipNAsTAKv8e2nDeTn_vFQFAktPrrBg6YO1CYuULw,https://lh5.googleusercontent.com/p/AF1QipOpZjhSflzunAn1XaWC9hpKS03widHy63tPk2eO,"[""https:\/\/lh5.googleusercontent.com\/p\/AF1QipNAsTAKv8e2nDeTn_vFQFAktPrrBg6YO1CYuULw"",""https:\/\/lh5.googleusercontent.com\/p\/AF1QipOpZjhSflzunAn1XaWC9hpKS03widHy63tPk2eO""]"
0x8c036f508804f427:0x15e9b14b10cabbe7,Berlingeri,"Berlingeri, 1954 McLeary Ave #1966, San Juan, 00911, Puerto Rico",No,Menu changes weekly,Vegetarian restaurant,Vegetarian restaurant,https://us.orderspoon.com/berlingeri,https://us.orderspoon.com,+1 787-587-4891,17875874891,Santurce,1954 McLeary Ave #1966,San Juan,911,San Juan,Puerto Rico,PR,-66.0552442,18.451689,"https://www.google.com/maps/preview/place/Berlingeri,+1954+McLeary+Ave+%231966,+San+Juan,+00911,+Puerto+Rico/@18.451689,-66.0552442,3785a,13.1y/data=!4m2!3m1!1s0x8c036f508804f427:0x15e9b14b10cabbe7",8/30/2021,367,4.8,"{""1"":3.0,""2"":7.0,""3"":6.0,""4"":27.0,""5"":324.0}",269,https://lh5.googleusercontent.com/p/AF1QipNOnfidgV2bJiLu8oSeuNSi2IPnh61N-ASJLbQe,https://lh5.googleusercontent.com/p/AF1QipNJsXseMyFP4_12aMUA-Anl4ljbQX96EBLguBKk,"[""https:\/\/lh5.googleusercontent.com\/p\/AF1QipNOnfidgV2bJiLu8oSeuNSi2IPnh61N-ASJLbQe"",""https:\/\/lh5.googleusercontent.com\/p\/AF1QipNJsXseMyFP4_12aMUA-Anl4ljbQX96EBLguBKk""]"
0x8c1d2d8e006bfc6f:0x7a4f8c4c56d476fe,Costa Bahia Hotel & Convention Center (Guayanilla),"Costa Bahia Hotel & Convention Center (Guayanilla), Exit 205 Road 127 km 8.6, Guayanilla, 00656, Puerto Rico",No,Relaxed conference hotel with a pool,Hotel,"Bar,Casino,Convention center,Hotel,Restaurant",http://www.costabahiaguayanilla.com,http://www.costabahiaguayanilla.com,+1 787-835-3335,17878353335,,Exit 205 Road 127 km 8.6,Guayanilla,656,Guayanilla,Puerto Rico,PR,-66.797529,18.031795,"https://www.google.com/maps/preview/place/Costa+Bahia+Hotel+%26+Convention+Center+(Guayanilla),+Exit+205+Road+127+km+8.6,+Guayanilla,+00656,+Puerto+Rico/@18.031795,-66.797529,3794a,13.1y/data=!4m2!3m1!1s0x8c1d2d8e006bfc6f:0x7a4f8c4c56d476fe",8/30/2021,2671,4.4,"{""1"":99.0,""2"":65.0,""3"":210.0,""4"":628.0,""5"":1669.0}",3635,https://lh3.googleusercontent.com/gps-proxy/ALd4DhE5ETSCHclwnFQp8Ie1F4J5kN6MlPSe4dJJEvZ0DRZSPYa9PUkbIFj9P1Y-zkvya-4WS38DcUJ3YqfIY5kSZ1AlPNF241mG5s_jp8PH4UuzHo7eZkdO_B0nv41_EoPwrifHGlnY-5VIgD2PXs9m8EpFIDAZT2pCWjuPi1nzwJg5RVoIjBKOeD1b,https://lh3.googleusercontent.com/gps-proxy/ALd4DhGPNVBti0x3Rse3qtSieegokb1iHICifYerlx60ekt0MzNuMX0ruMlPVsJUhtyfsyrCcEQQj2KGU6xzkT3SrFx2SNSRI4ibZhNbWZjGkTcgJ8gh6KgXOoZvl4D4LxlGolQ8QQk_W1NjAGD-fZEtx327CLmPbE7ua78fw9gO6VFRZd-6pd-i-ss,"[""https:\/\/lh3.googleusercontent.com\/gps-proxy\/ALd4DhE5ETSCHclwnFQp8Ie1F4J5kN6MlPSe4dJJEvZ0DRZSPYa9PUkbIFj9P1Y-zkvya-4WS38DcUJ3YqfIY5kSZ1AlPNF241mG5s_jp8PH4UuzHo7eZkdO_B0nv41_EoPwrifHGlnY-5VIgD2PXs9m8EpFIDAZT2pCWjuPi1nzwJg5RVoIjBKOeD1b"",""https:\/\/lh3.googleusercontent.com\/gps-proxy\/ALd4DhGPNVBti0x3Rse3qtSieegokb1iHICifYerlx60ekt0MzNuMX0ruMlPVsJUhtyfsyrCcEQQj2KGU6xzkT3SrFx2SNSRI4ibZhNbWZjGkTcgJ8gh6KgXOoZvl4D4LxlGolQ8QQk_W1NjAGD-fZEtx327CLmPbE7ua78fw9gO6VFRZd-6pd-i-ss""]"
0x8c0314bcb6ac7b91:0x45838f8a53e351,Happy Crab Bar & Restaurant,"Happy Crab Bar & Restaurant, Méndez Vigo Rd, Dorado, 00950, Puerto Rico",Yes,,Crab house,"Bar,Caribbean restaurant,Crab house,Puerto Rican restaurant,Restaurant,Seafood restaurant",https://www.facebook.com/happycrabpr,https://www.facebook.com,+1 787-221-3933,17872213933,,Méndez Vigo Rd,Dorado,950,Dorado,Puerto Rico,PR,-66.2557761,18.4564662,"https://www.google.com/maps/preview/place/Happy+Crab+Bar+%26+Restaurant,+M%C3%A9ndez+Vigo+Rd,+Dorado,+00950,+Puerto+Rico/@18.4564662,-66.2557761,3785a,13.1y/data=!4m2!3m1!1s0x8c0314bcb6ac7b91:0x45838f8a53e351",8/30/2021,891,3.6,"{""1"":168.0,""2"":61.0,""3"":107.0,""4"":141.0,""5"":414.0}",835,https://lh5.googleusercontent.com/p/AF1QipPYpswzp9xJflrpVN4n7PknCs9zkTCajqC2yWzz,https://lh5.googleusercontent.com/p/AF1QipPXilIx2YwvqCKhd37jXhFNPF60FzKgZp5Cs-1_,"[""https:\/\/lh5.googleusercontent.com\/p\/AF1QipPYpswzp9xJflrpVN4n7PknCs9zkTCajqC2yWzz"",""https:\/\/lh5.googleusercontent.com\/p\/AF1QipPXilIx2YwvqCKhd37jXhFNPF60FzKgZp5Cs-1_""]"
0x8c03662c719e2101:0x1facc789a62e6e45,Fela's Vegetarian Restaurant,"Fela's Vegetarian Restaurant, 359 Calle de Diego, San Juan, 00923, Puerto Rico",No,,Vegetarian restaurant,Vegetarian restaurant,https://m.facebook.com/felasvegetarian,https://m.facebook.com,+1 787-763-8783,17877638783,Oriente,359 Calle de Diego,San Juan,923,San Juan,Puerto Rico,PR,-66.0396103,18.3986322,"https://www.google.com/maps/preview/place/Fela's+Vegetarian+Restaurant,+359+Calle+de+Diego,+San+Juan,+00923,+Puerto+Rico/@18.3986322,-66.0396103,3786a,13.1y/data=!4m2!3m1!1s0x8c03662c719e2101:0x1facc789a62e6e45",8/30/2021,378,4.6,"{""1"":3.0,""2"":8.0,""3"":21.0,""4"":55.0,""5"":291.0}",114,https://lh5.googleusercontent.com/p/AF1QipO71RrmSYn3HTkubB50PQNjDLVXagyRxiCP5d0N,https://lh5.googleusercontent.com/p/AF1QipNBBpuMdN8Na6pNhLCsNnEbYsiKO_XAoeNNXINI,"[""https:\/\/lh5.googleusercontent.com\/p\/AF1QipO71RrmSYn3HTkubB50PQNjDLVXagyRxiCP5d0N"",""https:\/\/lh5.googleusercontent.com\/p\/AF1QipNBBpuMdN8Na6pNhLCsNnEbYsiKO_XAoeNNXINI""]"
0x8c035a39d00e0dff:0x860d61831c5b8466,Club de Leones,"52VM+927 Club de Leones, PR-9931, San Lorenzo, 00754, Puerto Rico",No,,Club,Club,,,+1 787-206-2887,17872062887,,"52VM+927, PR-9931",San Lorenzo,754,San Lorenzo,Puerto Rico,PR,-65.9674614,18.1934165,"https://www.google.com/maps/preview/place/52VM%2B927+Club+de+Leones,+PR-9931,+San+Lorenzo,+00754,+Puerto+Rico/@18.1934165,-65.9674614,3790a,13.1y/data=!4m2!3m1!1s0x8c035a39d00e0dff:0x860d61831c5b8466",8/30/2021,79,4.2,"{""1"":4.0,""2"":6.0,""3"":7.0,""4"":18.0,""5"":44.0}",23,https://lh5.googleusercontent.com/p/AF1QipNNqSeZKKi66O-2dLonc_--foALUrVZpOh7fgT9,https://lh5.googleusercontent.com/p/AF1QipPrkziHJvnyrvn2oJ5Mb3xOy_rucOsG7Y3gsBEO,"[""https:\/\/lh5.googleusercontent.com\/p\/AF1QipNNqSeZKKi66O-2dLonc_--foALUrVZpOh7fgT9"",""https:\/\/lh5.googleusercontent.com\/p\/AF1QipPrkziHJvnyrvn2oJ5Mb3xOy_rucOsG7Y3gsBEO""]"
0x8c036875adcec2b9:0x7edc2f48e2a3577,Faccio Pizza Cupey,"Faccio Pizza Cupey, PR-176, San Juan, 00926, Puerto Rico",No,,Pizza restaurant,Pizza restaurant,http://www.facciopizza.com,http://www.facciopizza.com,+1 787-755-5415,17877555415,Cupey,PR-176,San Juan,926,San Juan,Puerto Rico,PR,-66.054662,18.3779459,"https://www.google.com/maps/preview/place/Faccio+Pizza+Cupey,+PR-176,+San+Juan,+00926,+Puerto+Rico/@18.3779459,-66.054662,3786a,13.1y/data=!4m2!3m1!1s0x8c036875adcec2b9:0x7edc2f48e2a3577",8/30/2021,2588,4.5,"{""1"":68.0,""2"":43.0,""3"":173.0,""4"":554.0,""5"":1750.0}",483,https://lh3.googleusercontent.com/p/AF1QipPm9Ug0VK5-QsfIGeB5OpJ1fleCrfExqHW8ED3k=w408-h240-k-no-pi-0-ya46.024445-ro-0-fo100,https://lh5.googleusercontent.com/p/AF1QipMB6tcLuro4T_HCO8xlzXLmoTug9PvSUxe8Lbs7,"[""https:\/\/lh3.googleusercontent.com\/p\/AF1QipPm9Ug0VK5-QsfIGeB5OpJ1fleCrfExqHW8ED3k=w408-h240-k-no-pi-0-ya46.024445-ro-0-fo100"",""https:\/\/lh5.googleusercontent.com\/p\/AF1QipMB6tcLuro4T_HCO8xlzXLmoTug9PvSUxe8Lbs7""]"
0x8c036f8c30a83605:0x3252f4b8d64db46c,Better Foods Corp.,"Better Foods Corp., 151 Norte, C. Labra, San Juan, 00912, Puerto Rico",No,"Consume alimentación noble. Los frutos que provienen de nuestras fincas es trabajo con amor y dedicación.
Apoya el consumo local y de cultivo orgánico. Nuestros Meal Preps siempre frescos con dos entregas a la semana para proveer los nutrientes necesarios en tu plan alimenticio.
Amamos lo que hacemos. Somos un estilo de vida, no solo un servicio más de entrega de comidas.",Organic restaurant,"Organic restaurant,Vegan restaurant,Vegetarian restaurant",,,+1 787-646-8136,17876468136,Santurce,"151 Norte, C. Labra",San Juan,912,San Juan,Puerto Rico,PR,-66.0726042,18.4524232,"https://www.google.com/maps/preview/place/Better+Foods+Corp.,+151+Norte,+C.+Labra,+San+Juan,+00912,+Puerto+Rico/@18.4524232,-66.0726042,3785a,13.1y/data=!4m2!3m1!1s0x8c036f8c30a83605:0x3252f4b8d64db46c",8/30/2021,65,4.7,"{""1"":2.0,""2"":3.0,""3"":0.0,""4"":4.0,""5"":56.0}",228,https://lh5.googleusercontent.com/p/AF1QipNC4XVFdRio4WKmTPaFciN4QE33lHOVJIqCLF_q,,"[""https:\/\/lh5.googleusercontent.com\/p\/AF1QipNC4XVFdRio4WKmTPaFciN4QE33lHOVJIqCLF_q""]"
0x8c0318e0c5d0b419:0xc10f01861d958ed0,La Tranka Sport Bar,"La Tranka Sport Bar, PR-1685, Manatí, 00674, Puerto Rico",No,"Chichorro con picadera, comida a la carta, cervezas bien frías y buen ambiente.",Bar,Bar,https://m.facebook.com/latrankasportbar,https://m.facebook.com,+1 787-663-3670,17876633670,,PR-1685,Manatí,674,Manatí,Puerto Rico,PR,-66.4967849,18.4504842,"https://www.google.com/maps/preview/place/La+Tranka+Sport+Bar,+PR-1685,+Manat%C3%AD,+00674,+Puerto+Rico/@18.4504842,-66.4967849,3785a,13.1y/data=!4m2!3m1!1s0x8c0318e0c5d0b419:0xc10f01861d958ed0",8/30/2021,290,4.6,"{""1"":5.0,""2"":5.0,""3"":19.0,""4"":50.0,""5"":211.0}",110,https://lh5.googleusercontent.com/p/AF1QipPejBPDabUsaBY6z2L2NilQm1IoyiGDsg-wc4aM,https://lh5.googleusercontent.com/p/AF1QipNLD3v8CJXPyenwwLs9oNGeRByJ98t79hUhpxd8,"[""https:\/\/lh5.googleusercontent.com\/p\/AF1QipPejBPDabUsaBY6z2L2NilQm1IoyiGDsg-wc4aM"",""https:\/\/lh5.googleusercontent.com\/p\/AF1QipNLD3v8CJXPyenwwLs9oNGeRByJ98t79hUhpxd8""]"
0x8c036f3103a49fa1:0x1696466505e9c728,Peko Peko,"Peko Peko, 1000 Av. Juan Ponce de León local 3, San Juan, 00907, Puerto Rico",No,,Restaurant,"Ramen restaurant,Restaurant",http://www.pekopekopr.com,http://www.pekopekopr.com,+1 787-508-6377,17875086377,Santurce,1000 Av. Juan Ponce de León local 3,San Juan,907,San Juan,Puerto Rico,PR,-66.0788084,18.4532712,"https://www.google.com/maps/preview/place/Peko+Peko,+1000+Av.+Juan+Ponce+de+Le%C3%B3n+local+3,+San+Juan,+00907,+Puerto+Rico/@18.4532712,-66.0788084,3785a,13.1y/data=!4m2!3m1!1s0x8c036f3103a49fa1:0x1696466505e9c728",8/30/2021,569,4.4,"{""1"":28.0,""2"":23.0,""3"":33.0,""4"":77.0,""5"":408.0}",614,https://lh5.googleusercontent.com/p/AF1QipOgAMzMEnAo_MK29a6Cj1Xw_L_wPy6hnNyl-zVH,https://lh5.googleusercontent.com/p/AF1QipMv7VZIgEI75zPSCZpE7gS9guzoN0eLB9yvMJVY,"[""https:\/\/lh5.googleusercontent.com\/p\/AF1QipOgAMzMEnAo_MK29a6Cj1Xw_L_wPy6hnNyl-zVH"",""https:\/\/lh5.googleusercontent.com\/p\/AF1QipMv7VZIgEI75zPSCZpE7gS9guzoN0eLB9yvMJVY""]"
0x8c0325d15f0c84a3:0x20d0f2018905fb9a,Asao,"Asao, Barrio Pesas Km. 18.5PR-149, KM. 18.5, Int. PR-615 | Intersection Road 615, Ciales 00638, Carretera 149, Ciales, 00638, Puerto Rico",No,,Barbecue restaurant,Barbecue restaurant,https://www.facebook.com/asaosmokehouse,https://www.facebook.com,+1 787-930-2183,17879302183,,"Barrio Pesas Km. 18.5PR-149, KM. 18.5, Int. PR-615 | Intersection Road 615, Ciales 00638, Carretera 149",Ciales,638,Ciales,Puerto Rico,PR,-66.4796865,18.3026364,"https://www.google.com/maps/preview/place/Asao,+Barrio+Pesas+Km.+18.5PR-149,+KM.+18.5,+Int.+PR-615+%7C+Intersection+Road+615,+Ciales+00638,+Carretera+149,+Ciales,+00638,+Puerto+Rico/@18.3026364,-66.4796865,3788a,13.1y/data=!4m2!3m1!1s0x8c0325d15f0c84a3:0x",8/30/2021,1806,4.4,"{""1"":99.0,""2"":48.0,""3"":142.0,""4"":341.0,""5"":1176.0}",1651,https://lh5.googleusercontent.com/p/AF1QipNRdl6EtHTJMCxTcfdSTCUZ_HYPqKnmTnXI7jdZ,https://lh5.googleusercontent.com/p/AF1QipMYo_fliCYWnSUNt74t173GpkF9l-yjfR-EbGcW,"[""https:\/\/lh5.googleusercontent.com\/p\/AF1QipNRdl6EtHTJMCxTcfdSTCUZ_HYPqKnmTnXI7jdZ"",""https:\/\/lh5.googleusercontent.com\/p\/AF1QipMYo_fliCYWnSUNt74t173GpkF9l-yjfR-EbGcW""]"
0x8c036bc98dccb281:0x79fc727903bd3cdb,Party City,"Party City, 15 Ave Comerio, Bayamón, 00961, Puerto Rico",No,"Whether you're hosting a baby shower, a birthday party, a Halloween costume party, or a holiday event, Party City in Bayamon offers party supplies for every occasion.",Party store,"Balloon store,Candy store,Costume store,Party store",https://stores.partycity.com/us/pr/bayamon/party-store-pc141.html?extcmp=GMBlisting_PR_PC141_organic,https://stores.partycity.com,+1 787-269-4949,17872694949,Hato Tejas,15 Ave Comerio,Bayamón,961,Bayamón,Puerto Rico,PR,-66.1623401,18.4124139,"https://www.google.com/maps/preview/place/Party+City,+15+Ave+Comerio,+Bayam%C3%B3n,+00961,+Puerto+Rico/@18.4124139,-66.1623401,3786a,13.1y/data=!4m2!3m1!1s0x8c036bc98dccb281:0x79fc727903bd3cdb",8/30/2021,1065,4.4,"{""1"":31.0,""2"":22.0,""3"":110.0,""4"":234.0,""5"":668.0}",105,https://lh5.googleusercontent.com/p/AF1QipNvy55Hfqw9cnlfY8EEjokz3FLiwkkIfg9GESy-,https://lh5.googleusercontent.com/p/AF1QipOkwUdLbERwqLkyYlRsK2bL3jhAYJKMKB-Zjd8v,"[""https:\/\/lh5.googleusercontent.com\/p\/AF1QipNvy55Hfqw9cnlfY8EEjokz3FLiwkkIfg9GESy-"",""https:\/\/lh5.googleusercontent.com\/p\/AF1QipOkwUdLbERwqLkyYlRsK2bL3jhAYJKMKB-Zjd8v""]"
0x8c032389b9aabfdb:0xf7334930919c0fe9,El Bohío,"8GC5+XQF El Bohío, Ciales, 00638, Puerto Rico",No,,Puerto Rican restaurant,Puerto Rican restaurant,,,+1 787-430-0156,17874300156,,8GC5+XQF,Ciales,638,Ciales,Puerto Rico,PR,-66.4905744,18.322439,"https://www.google.com/maps/preview/place/8GC5%2BXQF+El+Boh%C3%ADo,+Ciales,+00638,+Puerto+Rico/@18.322439,-66.4905744,3788a,13.1y/data=!4m2!3m1!1s0x8c032389b9aabfdb:0xf7334930919c0fe9",8/30/2021,1138,4.6,"{""1"":18.0,""2"":11.0,""3"":63.0,""4"":193.0,""5"":853.0}",757,https://lh5.googleusercontent.com/p/AF1QipME3lAYx94zOOztZLFagDA1b0tgpd_jqkvjBpn5,https://lh5.googleusercontent.com/p/AF1QipPYWZWSEI9UUpZZ_Y3qfJdINgv8Jreolw9vXaqq,"[""https:\/\/lh5.googleusercontent.com\/p\/AF1QipME3lAYx94zOOztZLFagDA1b0tgpd_jqkvjBpn5"",""https:\/\/lh5.googleusercontent.com\/p\/AF1QipPYWZWSEI9UUpZZ_Y3qfJdINgv8Jreolw9vXaqq""]"
0x8c0369c9e3d2a0e1:0x8070d75dda7d8d50,Gourmet Business Solutions Group Inc.,"Gourmet Business Solutions Group Inc., 1462 Ave Paz Granela, San Juan, 00921, Puerto Rico",No,"Gourmet Business Solutions Group Inc will provide you the Best High End and Gourmet Products, Services and Commercial Equipments that will make your Business or Event Successful.",Coffee shop,"Chocolate shop,Coffee shop,Gourmet grocery store,Restaurant supply store",http://www.gbsonlinestore.com,http://www.gbsonlinestore.com,+1 787-545-4546,17875454546,Monacillo Urbano,1462 Ave Paz Granela,San Juan,921,San Juan,Puerto Rico,PR,-66.1011159,18.3805159,"https://www.google.com/maps/preview/place/Gourmet+Business+Solutions+Group+Inc.,+1462+Ave+Paz+Granela,+San+Juan,+00921,+Puerto+Rico/@18.3805159,-66.1011159,3786a,13.1y/data=!4m2!3m1!1s0x8c0369c9e3d2a0e1:0x8070d75dda7d8d50",8/30/2021,54,4.9,"{""1"":0.0,""2"":0.0,""3"":0.0,""4"":3.0,""5"":51.0}",24,https://lh5.googleusercontent.com/p/AF1QipPBQIvFaglJUjOyyUF2B03a1Ptli7v7VdQ7CX-k,https://lh5.googleusercontent.com/p/AF1QipOQh-85mbx4X9qSv8fX3WM1JU5Y2J5ilbBBEsd6,"[""https:\/\/lh5.googleusercontent.com\/p\/AF1QipPBQIvFaglJUjOyyUF2B03a1Ptli7v7VdQ7CX-k"",""https:\/\/lh5.googleusercontent.com\/p\/AF1QipOQh-85mbx4X9qSv8fX3WM1JU5Y2J5ilbBBEsd6""]"
0x8c0497a01434919f:0x7009035462a17e80,West Marine,"West Marine, 4186 Carretera Estatal Unit 3, Fajardo, 00738, Puerto Rico",No,"West Marine Fajardo services Puerto Del Ray, Puerto Chico, Ceibo, and Puerto Rico with boating, fishing, and watersport supplies. Whether you're competing in the fishing tournament, cruising Isla de Vieques, or paddling Bioluminescent Bay, enjoy the wonders of the Caribbean in the best way possible - from the water. Located by the Caribbean Sea's largest marina, our marine supply store is well-equipped to serve locals and tourists. From fishing rods and sailing rigging to snorkeling masks and boat parts, our staff can help you find what you need for a great day on the water.",Marine supply store,"Bait shop,Boat accessories supplier,Boat cover supplier,Fishing store,Marine supply store,Outdoor clothing and equipment shop,Outdoor sports store,Store,Water ski shop",https://www.westmarine.com/stores/fajardo-pr-544,https://www.westmarine.com,+1 787-801-2700,17878012700,,4186 Carretera Estatal Unit 3,Fajardo,738,Fajardo,Puerto Rico,PR,-65.6733679,18.3476507,"https://www.google.com/maps/preview/place/West+Marine,+4186+Carretera+Estatal+Unit+3,+Fajardo,+00738,+Puerto+Rico/@18.3476507,-65.6733679,3787a,13.1y/data=!4m2!3m1!1s0x8c0497a01434919f:0x7009035462a17e80",8/30/2021,474,4.5,"{""1"":10.0,""2"":10.0,""3"":45.0,""4"":100.0,""5"":309.0}",32,https://lh5.googleusercontent.com/p/AF1QipO7frUgtCTb9WjNKHoFOjEV6fdALoQo5t7567bQ,https://lh5.googleusercontent.com/p/AF1QipM9Wik-v4l9bDDDgVpK2jdkBwZWwgLgCBN5WTZD,"[""https:\/\/lh5.googleusercontent.com\/p\/AF1QipO7frUgtCTb9WjNKHoFOjEV6fdALoQo5t7567bQ"",""https:\/\/lh5.googleusercontent.com\/p\/AF1QipM9Wik-v4l9bDDDgVpK2jdkBwZWwgLgCBN5WTZD""]"
0x8c036ba2674ff973:0x351f44bec85dec2d,Frescura Vegan Kitchen,"Frescura Vegan Kitchen, Reparto Industrial Correa, C. Correa Lote #24, Bayamón, 00960, Puerto Rico",No,"Plant-Based Vegan Restaurant, Espresso Coffee Bar, Desserts, Smoothies and more...",Vegan restaurant,"Caribbean restaurant,Coffee shop,Health food restaurant,Latin American restaurant,Restaurant,Vegan restaurant,Vegetarian cafe and deli,Vegetarian restaurant",http://www.frescuravegankitchen.com,http://www.frescuravegankitchen.com,+1 787-631-1166,17876311166,Hato Tejas,"Reparto Industrial Correa, C. Correa Lote #24",Bayamón,960,Bayamón,Puerto Rico,PR,-66.1643988,18.3992106,"https://www.google.com/maps/preview/place/Frescura+Vegan+Kitchen,+Reparto+Industrial+Correa,+C.+Correa+Lote+%2324,+Bayam%C3%B3n,+00960,+Puerto+Rico/@18.3992106,-66.1643988,3786a,13.1y/data=!4m2!3m1!1s0x8c036ba2674ff973:0x351f44bec85dec2d",8/30/2021,1647,5,"{""1"":1.0,""2"":2.0,""3"":8.0,""4"":36.0,""5"":1600.0}",474,https://lh5.googleusercontent.com/p/AF1QipNbh8vdf2fu-TDpsWUkd043XmEqagSsQfsgrI2S,https://lh5.googleusercontent.com/p/AF1QipOnmiqUDvex96sF0sZFHsV4lp_R58BsJ4dOwhQY,"[""https:\/\/lh5.googleusercontent.com\/p\/AF1QipNbh8vdf2fu-TDpsWUkd043XmEqagSsQfsgrI2S"",""https:\/\/lh5.googleusercontent.com\/p\/AF1QipOnmiqUDvex96sF0sZFHsV4lp_R58BsJ4dOwhQY""]"
0x8c036968f7ec1183:0x3ebd6d12cecb9b44,"The Yellow Door, Coffee & Ice Cream Shop","The Yellow Door, Coffee & Ice Cream Shop, 2000 Carretera 8177, Guaynabo, 00921, Puerto Rico",No,"Tenemos café y mantecados todo el día, brunch hasta las 1500 (3:00pm). Visita nuestra pagina en Instagram theyellowdoorpr para mas detalles.",Bistro,"Bistro,Coffee shop,Ice cream shop",https://linktr.ee/theyellowdoorpr,https://linktr.ee,+1 939-206-1498,19392061498,Frailes,2000 Carretera 8177,Guaynabo,921,Guaynabo,Puerto Rico,PR,-66.0962345,18.3777048,"https://www.google.com/maps/preview/place/The+Yellow+Door,+Coffee+%26+Ice+Cream+Shop,+2000+Carretera+8177,+Guaynabo,+00921,+Puerto+Rico/@18.3777048,-66.0962345,3786a,13.1y/data=!4m2!3m1!1s0x8c036968f7ec1183:0x3ebd6d12cecb9b44",8/30/2021,426,4.5,"{""1"":23.0,""2"":5.0,""3"":19.0,""4"":53.0,""5"":326.0}",669,https://lh5.googleusercontent.com/p/AF1QipPBlB1TqWaIhCtpgqN2ckMOJROzy3Ws8Uv-fg0e,https://lh5.googleusercontent.com/p/AF1QipMQJRSvFcrm1lQaTkqcZtXnk8cElDaSGNe1lvd9,"[""https:\/\/lh5.googleusercontent.com\/p\/AF1QipPBlB1TqWaIhCtpgqN2ckMOJROzy3Ws8Uv-fg0e"",""https:\/\/lh5.googleusercontent.com\/p\/AF1QipMQJRSvFcrm1lQaTkqcZtXnk8cElDaSGNe1lvd9""]"
0x8c02b2359ed34ec3:0x76a01157a17989f7,Aquí Latte,"Aquí Latte, 151 este C. José de Diego, Mayagüez, 00680, Puerto Rico",No,,Coffee shop,Coffee shop,http://facebook.com/aquilatte,http://facebook.com,+1 787-831-1047,17878311047,Mayagüez Pueblo,151 este C. José de Diego,Mayagüez,680,Mayagüez,Puerto Rico,PR,-67.1362775,18.2017871,"https://www.google.com/maps/preview/place/Aqu%C3%AD+Latte,+151+este+C.+Jos%C3%A9+de+Diego,+Mayag%C3%BCez,+00680,+Puerto+Rico/@18.2017871,-67.1362775,3790a,13.1y/data=!4m2!3m1!1s0x8c02b2359ed34ec3:0x76a01157a17989f7",8/30/2021,171,4.7,"{""1"":2.0,""2"":1.0,""3"":6.0,""4"":25.0,""5"":137.0}",123,https://lh5.googleusercontent.com/p/AF1QipPAFHRE_B7sGMmv04nqnHUC5_5sxzQ4NzO6k32g,https://lh5.googleusercontent.com/p/AF1QipP9VHiF3s9S13Kg-yMqDusp7pxR9CxD_3JdqKBA,"[""https:\/\/lh5.googleusercontent.com\/p\/AF1QipPAFHRE_B7sGMmv04nqnHUC5_5sxzQ4NzO6k32g"",""https:\/\/lh5.googleusercontent.com\/p\/AF1QipP9VHiF3s9S13Kg-yMqDusp7pxR9CxD_3JdqKBA""]"
0x8c036af738a5b305:0xd2644899b65c6d7e,Sea World Fresh Fish & Seafood,"Sea World Fresh Fish & Seafood, Amelia Ind Park 36 Calle Diana Ste 2 Guaynabo, San Juan, 00968, Puerto Rico",No,"Sea World LLC, based in San Juan, Puerto Rico, is a full service importer and distributor of fish, seafood, cheeses, oriental and gourmet products.",Fish store,Fish store,http://www.seaworldpr.com,http://www.seaworldpr.com,+1 787-273-1011,17872731011,"Pueblo Viejo, Guaynabo, Puerto Rico",Amelia Ind Park 36 Calle Diana Ste 2 Guaynabo,San Juan,968,Guaynabo,Puerto Rico,PR,-66.1205215,18.4177837,https://www.google.com/maps/place/Sea+World+Fresh+Fish+%26+Seafood/data=!4m2!3m1!1s0x8c036af738a5b305:0xd2644899b65c6d7e!10m1!1e1,8/30/2021,83,4.5,"{""1"":1.0,""2"":5.0,""3"":4.0,""4"":12.0,""5"":61.0}",26,https://lh5.googleusercontent.com/p/AF1QipMBEyiBdEDd2rHhX6ADDdFCpL-3lWRR1wCRzi7c,https://lh5.googleusercontent.com/p/AF1QipOPLITB8fUZB-RRI3HUcdkMOQyVX4UZlsHyQOQ8,"[""https:\/\/lh5.googleusercontent.com\/p\/AF1QipMBEyiBdEDd2rHhX6ADDdFCpL-3lWRR1wCRzi7c"",""https:\/\/lh5.googleusercontent.com\/p\/AF1QipOPLITB8fUZB-RRI3HUcdkMOQyVX4UZlsHyQOQ8""]"
0x8c036ec72de2116d:0x747b517b342ffca3,Chocolato,"Chocolato, 313 Fortaleza Street, San Juan, 00901, Puerto Rico",Yes,"Artisan traditions of Italian gelato, chocolate & coffee blend with the fun and energetic lifestyle of the Caribbean to create a relaxed haven of sweetness for every occasion.

Whether you feel like having a treat to recharge your day or just share a simple happy moment with good friends and loved ones Chocolato is the kind of place were a delicacy becomes an unforgettable smile.

Gelato is our first name, Chocolate is our last name and JOY :) is what we spread in every bite.
Come share some happiness and visit us in our store located in 313 Fortaleza St. Old San Juan.",Ice cream shop,"Bar,Coffee shop,Dessert shop,Ice cream shop",http://www.chocolatojoy.com,http://www.chocolatojoy.com,+1 787-303-0061,17873030061,San Juan Antiguo,313 Fortaleza Street,San Juan,901,San Juan,Puerto Rico,PR,-66.1135729,18.465523,"https://www.google.com/maps/preview/place/Chocolato,+313+Fortaleza+Street,+San+Juan,+00901,+Puerto+Rico/@18.465523,-66.1135729,3784a,13.1y/data=!4m2!3m1!1s0x8c036ec72de2116d:0x747b517b342ffca3",8/30/2021,269,4.5,"{""1"":5.0,""2"":17.0,""3"":12.0,""4"":44.0,""5"":191.0}",488,https://lh5.googleusercontent.com/p/AF1QipPieEN7_xPRGOCbcBRkL24phk9GgG4fadto1AdO,https://lh5.googleusercontent.com/p/AF1QipN2W1dZyV-jsV5WPWfi4ax_V9Lwsd0rTjimR0hg,"[""https:\/\/lh5.googleusercontent.com\/p\/AF1QipPieEN7_xPRGOCbcBRkL24phk9GgG4fadto1AdO"",""https:\/\/lh5.googleusercontent.com\/p\/AF1QipN2W1dZyV-jsV5WPWfi4ax_V9Lwsd0rTjimR0hg""]"
0x8c0367a6fce0cf7f:0xb27cd2cdd9425391,FreshPoint Puerto Rico,"FreshPoint Puerto Rico, Carrertera 848 Calle 2 #110 Zona Industrial, 00976, Puerto Rico",No,"We are your fresh produce distributor serving the Puerto Rico foodservice industry with the finest quality fresh produce. Our commitment to food safety standards means we have a fully-documented HACCP & Recall program, and we are an SQF Certified Level 2 facility. Save time, labor, & food waste with our line of freshly-cut fruits and vegetables. We deliver organic produce, local produce, as well as seasonal and specialty produce. We make produce management easy with online ordering, pricing compliance, and dedicated produce specialists to assist with menu planning. You get fresh produce, and more, with us.",Produce wholesaler,"Dairy supplier,Delivery service,Distribution service,Food and beverage consultant,Food products supplier,Fruit and vegetable processing,Fruit and vegetable store,Fruit and vegetable wholesaler,Produce wholesaler,Warehouse",https://www.freshpoint.com,https://www.freshpoint.com,+1 787-748-9047,17877489047,,Carrertera 848 Calle 2 #110 Zona Industrial,Trujillo Alto,976,Trujillo Alto,Puerto Rico,PR,-66.0021939,18.3756443,"https://www.google.com/maps/preview/place/FreshPoint+Puerto+Rico,+Carrertera+848+Calle+2+%23110+Zona+Industrial,+00976,+Puerto+Rico/@18.3756443,-66.0021939,3786a,13.1y/data=!4m2!3m1!1s0x8c0367a6fce0cf7f:0xb27cd2cdd9425391",8/30/2021,17,4.1,"{""1"":3.0,""2"":0.0,""3"":1.0,""4"":1.0,""5"":12.0}",10,https://lh5.googleusercontent.com/p/AF1QipPDozJK-aTJk32hR4vKXnHonfQIVGncLAI_i4nM,https://lh5.googleusercontent.com/p/AF1QipNA0oT2rZw7Fu8_l0GKWl5YTgcD-rEkLMrLbniI,"[""https:\/\/lh5.googleusercontent.com\/p\/AF1QipPDozJK-aTJk32hR4vKXnHonfQIVGncLAI_i4nM"",""https:\/\/lh5.googleusercontent.com\/p\/AF1QipNA0oT2rZw7Fu8_l0GKWl5YTgcD-rEkLMrLbniI""]"
0x8c036a1d62e96f25:0xcf534ab37462d3c5,"Pan Pepín, Inc.","Pan Pepín, Inc., Minillas Industrial Park, 203 Laurel Avenue, 0100 PR, Bayamón, 00960, Puerto Rico",No,"Ofrecemos una gran variedad de opciones para complacer el gusto de toda tu familia en cada ocasión, desde panes clásicos, económicos y familiares, hasta panecillos especializados únicos.",Corporate office,"Corporate office,Manufacturer",http://www.panpepin.com,http://www.panpepin.com,+1 787-787-1717,17877871717,"Juan Sánchez, Bayamón, Puerto Rico","Minillas Industrial Park, 203 Laurel Avenue, 0100 PR",Bayamón,960,Bayamón,Puerto Rico,PR,-66.1419744,18.3776855,"https://www.google.com/maps/preview/place/Pan+Pep%C3%ADn,+Inc.,+Minillas+Industrial+Park,+203+Laurel+Avenue,+0100+PR,+Bayam%C3%B3n,+00960,+Puerto+Rico/@18.3776855,-66.1419744,3786a,13.1y/data=!4m2!3m1!1s0x8c036a1d62e96f25:0xcf534ab37462d3c5",8/30/2021,177,4.5,"{""1"":7.0,""2"":4.0,""3"":13.0,""4"":16.0,""5"":137.0}",55,https://lh5.googleusercontent.com/p/AF1QipOi5IUPUzpqKAXBiC_sCykGuQ3tltutcVKHwCs7,https://lh5.googleusercontent.com/p/AF1QipMRmbi4GSij5BUzNTrmsX5Fvg8NlHqixO0aKXPD,"[""https:\/\/lh5.googleusercontent.com\/p\/AF1QipOi5IUPUzpqKAXBiC_sCykGuQ3tltutcVKHwCs7"",""https:\/\/lh5.googleusercontent.com\/p\/AF1QipMRmbi4GSij5BUzNTrmsX5Fvg8NlHqixO0aKXPD""]"
0x8c0365e487b7ff9f:0xbb0a12936fc3d07b,Sweet Ann Cakes,"Sweet Ann Cakes, 1225 C. Marginal Villamar, Carolina, 00979, Puerto Rico",No,,Cake shop,"Cafeteria,Cake shop,Restaurant,Sweets and dessert buffet",,,+1 787-230-7141,17872307141,Cangrejo Arriba,1225 C. Marginal Villamar,Carolina,979,Carolina,Puerto Rico,PR,-66.0316233,18.444405,"https://www.google.com/maps/preview/place/Sweet+Ann+Cakes,+1225+C.+Marginal+Villamar,+Carolina,+00979,+Puerto+Rico/@18.444405,-66.0316233,3785a,13.1y/data=!4m2!3m1!1s0x8c0365e487b7ff9f:0xbb0a12936fc3d07b",8/30/2021,697,4.5,"{""1"":28.0,""2"":14.0,""3"":47.0,""4"":119.0,""5"":489.0}",315,https://lh5.googleusercontent.com/p/AF1QipMX87LWf9KJnfxVcfxy5jXOUvBBFHLO72jSj8RL,https://lh5.googleusercontent.com/p/AF1QipPIUq2rCPGYLxnNMOrEDz0geFjZ8vn3iNkvExX2,"[""https:\/\/lh5.googleusercontent.com\/p\/AF1QipMX87LWf9KJnfxVcfxy5jXOUvBBFHLO72jSj8RL"",""https:\/\/lh5.googleusercontent.com\/p\/AF1QipPIUq2rCPGYLxnNMOrEDz0geFjZ8vn3iNkvExX2""]"
0x8c036f31bcadfcd5:0x576dd750f910fd34,Kudough's Donuts & Coffee Bar,"Kudough's Donuts & Coffee Bar, 1503 C. Loíza, San Juan, 00907, Puerto Rico",Yes,"We are PR’s first Artisanal Donut Shop offering one of a kind, handmade donuts, craft beer, local coffee, natural juices, and wines. #HechoEnPR | N-Joy ;)",Donut shop,"Breakfast restaurant,Brunch restaurant,Cafe,Coffee shop,Donut shop,Lunch restaurant,Restaurant,Service establishment,Vegan restaurant,Vegetarian cafe and deli",,,+1 787-995-7060,17879957060,Santurce,1503 C. Loíza,San Juan,907,San Juan,Puerto Rico,PR,-66.0634368,18.4521735,"https://www.google.com/maps/preview/place/Kudough's+Donuts+%26+Coffee+Bar,+1503+C.+Lo%C3%ADza,+San+Juan,+00907,+Puerto+Rico/@18.4521735,-66.0634368,3785a,13.1y/data=!4m2!3m1!1s0x8c036f31bcadfcd5:0x576dd750f910fd34",8/30/2021,567,4.2,"{""1"":41.0,""2"":23.0,""3"":52.0,""4"":108.0,""5"":343.0}",901,https://lh5.googleusercontent.com/p/AF1QipP4HJn_W0zcuOHEU80E2jKLPoCMH3paYVxJ6Ybf,https://lh5.googleusercontent.com/p/AF1QipNlGkKu0acWlfvE0eSqfpN3PgQblWLsCmuef9nr,"[""https:\/\/lh5.googleusercontent.com\/p\/AF1QipP4HJn_W0zcuOHEU80E2jKLPoCMH3paYVxJ6Ybf"",""https:\/\/lh5.googleusercontent.com\/p\/AF1QipNlGkKu0acWlfvE0eSqfpN3PgQblWLsCmuef9nr""]"
0x8c03665ecc270f3f:0x6edb7d57d95eb5f9,Martin's BBQ,"Martin's BBQ, 842 Av. Roberto Sánchez Vilella, San Juan, 00924, Puerto Rico",No,,Barbecue restaurant,Barbecue restaurant,http://www.martinsbbqpr.net,http://www.martinsbbqpr.net,+1 787-757-4186,17877574186,,842 Av. Roberto Sánchez Vilella,San Juan,924,San Juan,Puerto Rico,PR,-66.0027141,18.4069229,"https://www.google.com/maps/preview/place/Martin's+BBQ,+842+Av.+Roberto+S%C3%A1nchez+Vilella,+San+Juan,+00924,+Puerto+Rico/@18.4069229,-66.0027141,3786a,13.1y/data=!4m2!3m1!1s0x8c03665ecc270f3f:0x6edb7d57d95eb5f9",8/30/2021,725,4.1,"{""1"":44.0,""2"":46.0,""3"":101.0,""4"":165.0,""5"":369.0}",119,https://lh5.googleusercontent.com/p/AF1QipPVl1-qUGixaa3uQkYlWXkcjmlKtvPQoR5rbzHo,https://lh5.googleusercontent.com/p/AF1QipOj9o7tsZhd_6KAUc5ehqufkuBedTDnZe8a7Yc,"[""https:\/\/lh5.googleusercontent.com\/p\/AF1QipPVl1-qUGixaa3uQkYlWXkcjmlKtvPQoR5rbzHo"",""https:\/\/lh5.googleusercontent.com\/p\/AF1QipOj9o7tsZhd_6KAUc5ehqufkuBedTDnZe8a7Yc""]"
0x8c0368808db3291f:0x87a5550bc4c06467,Panda Express,"Panda Express, Carretera 1 Esquina Calle Francisco Sein Río Piedras PR, Cll San Roberto, San Juan, 00926, Puerto Rico",No,"Discover bold flavors and fresh ingredients at Panda Express in San Juan. Located at Carretera 1 Esquina Calle Francisco Sein our restaurant offers a delicious array of Chinese-inspired dishes, from our famous Orange Chicken to savory Beijing Beef. Whether you're dining in, taking out, or ordering delivery, our friendly staff is dedicated to providing a delightful experience. Join us for lunch or dinner and enjoy a taste of our Asian-inspired cuisine that's wok-tossed to perfection. Visit Panda Express today and savor the flavors of tradition and innovation in every bite.",Chinese restaurant,"Asian restaurant,Caterer,Chinese noodle restaurant,Chinese restaurant,Chinese takeaway,Delivery Chinese restaurant,Fast food restaurant,Restaurant,Takeout restaurant,Wok restaurant",https://www.pandaexpress.com/locations/pr/san-juan/2059,https://www.pandaexpress.com,+1 787-296-2299,17872962299,Monacillo Urbano,"Carretera 1 Esquina Calle Francisco Sein Río Piedras PR, Cll San Roberto",San Juan,926,San Juan,Puerto Rico,PR,-66.0770793,18.3709067,"https://www.google.com/maps/preview/place/Panda+Express,+Carretera+1+Esquina+Calle+Francisco+Sein+R%C3%ADo+Piedras+PR,+Cll+San+Roberto,+San+Juan,+00926,+Puerto+Rico/@18.3709067,-66.0770793,3786a,13.1y/data=!4m2!3m1!1s0x8c0368808db3291f:0x87a5550bc4c06467",8/30/2021,1198,4.3,"{""1"":61.0,""2"":43.0,""3"":119.0,""4"":284.0,""5"":691.0}",115,https://lh5.googleusercontent.com/p/AF1QipPnxjbpMcDac3sCTRbHIZ2-l5p9kVFT-ilzLOKT,https://lh5.googleusercontent.com/p/AF1QipO0yYU69p3TnlhFpBEjPis1swXbwnNKbA-WtCRt,"[""https:\/\/lh5.googleusercontent.com\/p\/AF1QipPnxjbpMcDac3sCTRbHIZ2-l5p9kVFT-ilzLOKT"",""https:\/\/lh5.googleusercontent.com\/p\/AF1QipO0yYU69p3TnlhFpBEjPis1swXbwnNKbA-WtCRt""]"
0x8c0366510a5678b9:0x7c0b5ce608ce5521,Pet Store 65 Infanteria,"Pet Store 65 Infanteria, Plaza 65 shopping center Calle Alondra esq. Ruiseñor, Av. 65 de Infantería, Río Piedras, 00924, Puerto Rico",No,,Pet store,"Pet store,Pet supply store",https://www.facebook.com/Pet-Store-65-473262283091802,https://www.facebook.com,+1 787-399-2893,17873992893,Río Piedras,"Plaza 65 shopping center Calle Alondra esq. Ruiseñor, Av. 65 de Infantería",Río Piedras,924,San Juan,Puerto Rico,PR,-66.0075093,18.3975736,"https://www.google.com/maps/preview/place/Pet+Store+65+Infanteria,+Plaza+65+shopping+center+Calle+Alondra+esq.+Ruise%C3%B1or,+Av.+65+de+Infanter%C3%ADa,+R%C3%ADo+Piedras,+00924,+Puerto+Rico/@18.3975736,-66.0075093,3786a,13.1y/data=!4m2!3m1!1s0x8c0366510a5",8/30/2021,335,4.7,"{""1"":8.0,""2"":2.0,""3"":11.0,""4"":52.0,""5"":262.0}",367,https://lh5.googleusercontent.com/p/AF1QipMvU_QtAlivZibcLXvXaZSlIKsqFOmzcDp18hSj,https://lh5.googleusercontent.com/p/AF1QipM1rqeQ6-6fp4uACgJOmq1YEgHGfhPz-djSpYRy,"[""https:\/\/lh5.googleusercontent.com\/p\/AF1QipMvU_QtAlivZibcLXvXaZSlIKsqFOmzcDp18hSj"",""https:\/\/lh5.googleusercontent.com\/p\/AF1QipM1rqeQ6-6fp4uACgJOmq1YEgHGfhPz-djSpYRy""]"
0x8c036ec1597962a3:0x85f9bb3584041f8d,Cafe Berlin,"Cafe Berlin, 407 San Francisco Street, San Juan, 00901, Puerto Rico",No,"We are a Family restaurant located in Old San Juan facing Plaza Colón. Our philosophy is simple, we love food and we cook with love... breakfast, lunch and dinner are prepared from scratch every day including delightful choices; Puerto Rican, International, Vegetarian, Vegan and Gluten Free options! Everyone is very welcome:)",Puerto Rican restaurant,"Bar,Brunch restaurant,Coffee shop,Gluten-free restaurant,Puerto Rican restaurant,Vegan restaurant,Vegetarian restaurant",http://www.cafeberlinpr.com,http://www.cafeberlinpr.com,+1 787-722-5205,17877225205,San Juan Antiguo,407 San Francisco Street,San Juan,901,San Juan,Puerto Rico,PR,-66.1121013,18.4666233,"https://www.google.com/maps/preview/place/Cafe+Berlin,+407+San+Francisco+Street,+San+Juan,+00901,+Puerto+Rico/@18.4666233,-66.1121013,3784a,13.1y/data=!4m2!3m1!1s0x8c036ec1597962a3:0x85f9bb3584041f8d",8/30/2021,1258,4.2,"{""1"":104.0,""2"":64.0,""3"":103.0,""4"":229.0,""5"":758.0}",1307,https://lh5.googleusercontent.com/p/AF1QipPVGy-71S5YuAkflmuvv8KrqsOHcEXQ2qmdO-cj,https://lh5.googleusercontent.com/p/AF1QipNPsI97r3Z0NTY2t4R-pbWI6f6yvm-7pz63N-AD,"[""https:\/\/lh5.googleusercontent.com\/p\/AF1QipPVGy-71S5YuAkflmuvv8KrqsOHcEXQ2qmdO-cj"",""https:\/\/lh5.googleusercontent.com\/p\/AF1QipNPsI97r3Z0NTY2t4R-pbWI6f6yvm-7pz63N-AD""]"
0x8c0341d2b9a2a561:0x801e8572eb9c21af,Popeyes Louisiana Kitchen,"9R66+3PR Popeyes Louisiana Kitchen, Town Center, Bayamón, 00956, Puerto Rico",No,,Chicken restaurant,"Chicken restaurant,Fast food restaurant",http://popeyes.com/menu,http://popeyes.com,+1 787-730-2146,17877302146,Extension Rexville,9R66+3PR Town Center,Bayamón,956,Bayamón,Puerto Rico,PR,-66.1882335,18.3602356,"https://www.google.com/maps/preview/place/9R66%2B3PR+Popeyes+Louisiana+Kitchen,+Town+Center,+Bayam%C3%B3n,+00956,+Puerto+Rico/@18.3602356,-66.1882335,3787a,13.1y/data=!4m2!3m1!1s0x8c0341d2b9a2a561:0x801e8572eb9c21af",8/30/2021,765,4.3,"{""1"":31.0,""2"":24.0,""3"":77.0,""4"":159.0,""5"":474.0}",56,https://lh5.googleusercontent.com/p/AF1QipN_q-RewZFAhx-dpPAzHNP7o6OvGgK9MwyGd599,https://lh5.googleusercontent.com/p/AF1QipNxXKpw81U35wjFBmRN6MZYXPRgALnkmDGbRjqs,"[""https:\/\/lh5.googleusercontent.com\/p\/AF1QipN_q-RewZFAhx-dpPAzHNP7o6OvGgK9MwyGd599"",""https:\/\/lh5.googleusercontent.com\/p\/AF1QipNxXKpw81U35wjFBmRN6MZYXPRgALnkmDGbRjqs""]"